PMID,Title,Journal,Year
33694220,Effects of chloroquine or hydroxychloroquine treatment on non-SARS-CoV2 viral infections: A systematic review of clinical studies.,Reviews in medical virology,2021
33045596,A possible application of hinokitiol as a natural zinc ionophore and anti-infective agent for the prevention and treatment of COVID-19 and viral infections.,Medical hypotheses,2020
32849658,Will Hydroxychloroquine Still Be a Game-Changer for COVID-19 by Combining Azithromycin?,Frontiers in immunology,2020
32485205,The endosomal lipid bis(monoacylglycero) phosphate as a potential key player in the mechanism of action of chloroquine against SARS-COV-2 and other enveloped viruses hijacking the endocytic pathway.,Biochimie,2020
32470568,Clinical evidence for repurposing chloroquine and hydroxychloroquine as antiviral agents: a systematic review.,Clinical microbiology and infection : the official publication of the European Society of Clinical Microbiology and Infectious Diseases,2020
32456286,Antiviral Effects of Hydroxychloroquine and Type I Interferon on In Vitro Fatal Feline Coronavirus Infection.,Viruses,2020
32371558,Hydroxychloroquine use in the COVID-19 patient.,Cleveland Clinic journal of medicine,2020
27001679,Chloroquine could be used for the treatment of filoviral infections and other viral infections that emerge or emerged from viruses requiring an acidic pH for infectivity.,Cell biochemistry and function,2016
25321315,Hydroxychloroquine-inhibited dengue virus is associated with host defense machinery.,Journal of interferon & cytokine research : the official journal of the International Society for Interferon and Cytokine Research,2015
